idCustomer,first_name,last_name,email,phone
1,Natalina,Ramelet,nramelet0@craigslist.org,549-228-5410
2,Wilfrid,Burkill,wburkill1@parallels.com,965-787-8707
3,Etty,Crosfield,ecrosfield2@google.ca,430-752-0088
4,Thea,Yarrington,tyarrington3@globo.com,439-631-9285
5,Tamas,Leddie,tleddie4@unblog.fr,498-615-6630
6,Delinda,Labbet,dlabbet5@guardian.co.uk,748-606-0872
7,Brena,Gras,bgras6@tiny.cc,424-698-0252
8,Ode,Cogman,ocogman7@umn.edu,771-549-7155
9,Sheila,Cowdery,scowdery8@unicef.org,960-519-7583
10,Fred,Leeson,fleeson9@archive.org,430-488-6175
11,Nadiya,Senn,nsenna@wired.com,934-448-2388
12,Veradis,Grishankov,vgrishankovb@networkadvertising.org,675-167-8437
13,Myrtle,McCrainor,mmccrainorc@xrea.com,975-229-1847
14,Blane,Jaggli,bjagglid@pinterest.com,204-228-3272
15,Sallyann,Pickavance,spickavancee@omniture.com,253-121-7826
16,Dani,Domnick,ddomnickf@mlb.com,578-430-3024
17,Alicia,Gallaher,agallaherg@nsw.gov.au,606-190-2019
18,Lilian,Alsop,lalsoph@unblog.fr,199-750-9097
19,Brook,Sanper,bsanperi@eepurl.com,568-656-2972
20,Riva,Sybe,rsybej@cdbaby.com,443-104-1301
21,Egon,Beardow,ebeardowk@t.co,435-513-6627
22,Nessa,Hyett,nhyettl@delicious.com,747-920-1102
23,Korella,Loges,klogesm@comcast.net,583-417-2620
24,Rickie,Tomalin,rtomalinn@histats.com,237-499-4240
25,Marlane,Tallow,mtallowo@alibaba.com,956-184-6685
26,Harri,Billings,hbillingsp@webmd.com,883-293-5148
27,Enrica,Overell,eoverellq@dmoz.org,359-602-1305
28,Raychel,Crumpton,rcrumptonr@technorati.com,929-304-5830
29,Ealasaid,Mahmood,emahmoods@mit.edu,246-617-6518
30,Amalie,Donnachie,adonnachiet@vinaora.com,968-460-7961
31,Morganica,Feeham,mfeehamu@google.com.au,602-122-8988
32,Whitman,Weond,wweondv@blogs.com,953-516-3430
33,Olly,Archdeckne,oarchdecknew@unblog.fr,927-524-5040
34,Johna,Joynes,jjoynesx@icq.com,742-990-0459
35,Baryram,McNeill,bmcneilly@bloomberg.com,102-783-5854
36,Aubrey,Eriksson,aerikssonz@cdbaby.com,206-950-4859
37,Devonna,Steinson,dsteinson10@bloglines.com,174-794-7557
38,Darda,Oliveira,doliveira11@printfriendly.com,165-667-5557
39,Lisa,Baly,lbaly12@seesaa.net,737-959-5295
40,Jamie,Sarten,jsarten13@multiply.com,998-199-0613
41,Chauncey,Tresise,ctresise14@miitbeian.gov.cn,728-881-0697
42,Nels,Cummings,ncummings15@ameblo.jp,177-397-1842
43,Orelie,Pettendrich,opettendrich16@macromedia.com,625-422-6407
44,Locke,Wiggins,lwiggins17@friendfeed.com,356-880-6548
45,Hillary,O'Shevlan,hoshevlan18@bloglines.com,573-230-4115
46,Noami,Kermit,nkermit19@economist.com,402-456-9747
47,Thatch,Rubberts,trubberts1a@ed.gov,915-454-4749
48,Sean,Kilgrew,skilgrew1b@yahoo.co.jp,833-779-3436
49,Lisetta,Faber,lfaber1c@mlb.com,348-281-9610
50,Reinold,Portress,rportress1d@shareasale.com,823-375-9729
51,Chiquia,Guirardin,cguirardin1e@quantcast.com,631-203-4289
52,Toiboid,Cowland,tcowland1f@goo.ne.jp,203-965-1928
53,Kiel,Roughsedge,kroughsedge1g@sciencedaily.com,105-337-4459
54,Jacquie,Karolovsky,jkarolovsky1h@weibo.com,571-628-9683
55,Neala,Eustis,neustis1i@histats.com,190-315-3778
56,Aylmer,Gabala,agabala1j@aboutads.info,730-379-2515
57,Zonnya,Brech,zbrech1k@noaa.gov,948-922-6495
58,Nesta,Divver,ndivver1l@sitemeter.com,631-715-6652
59,Dania,Messier,dmessier1m@samsung.com,345-725-1006
60,Robby,Havelin,rhavelin1n@wired.com,278-782-1894
61,Marchelle,Rape,mrape1o@microsoft.com,656-467-1719
62,Herb,Maulkin,hmaulkin1p@facebook.com,855-767-6000
63,Florrie,Golda,fgolda1q@youtu.be,483-501-4491
64,Floria,Gallienne,fgallienne1r@slashdot.org,716-111-4916
65,Lindsay,Caccavale,lcaccavale1s@de.vu,796-496-6606
66,Yank,Beldon,ybeldon1t@ow.ly,804-142-3220
67,Holly,Allum,hallum1u@globo.com,357-399-6886
68,Darius,Gatecliff,dgatecliff1v@noaa.gov,323-302-8027
69,Daryle,Mattielli,dmattielli1w@people.com.cn,424-728-5411
70,Clerissa,Flieg,cflieg1x@spiegel.de,666-313-1240
71,Chico,Ivermee,civermee1y@liveinternet.ru,652-643-0212
72,Oran,Wookey,owookey1z@ucla.edu,848-455-5714
73,Yvor,McSaul,ymcsaul20@epa.gov,965-325-0707
74,Zared,Suart,zsuart21@1und1.de,153-429-5267
75,Karyn,Stalf,kstalf22@wikipedia.org,554-812-5536
76,Tabbitha,Gringley,tgringley23@microsoft.com,532-554-2453
77,Susie,Rosetti,srosetti24@berkeley.edu,971-578-6168
78,Neal,Itzkovitch,nitzkovitch25@vinaora.com,660-345-0748
79,Loni,Janosevic,ljanosevic26@go.com,501-931-1557
80,Rora,Jenk,rjenk27@sbwire.com,727-131-7709
81,Dennis,Wardrope,dwardrope28@webs.com,557-570-9761
82,Pail,Gibard,pgibard29@hp.com,146-486-1637
83,Ebenezer,Lampaert,elampaert2a@newyorker.com,886-535-2992
84,Adina,Olivet,aolivet2b@sohu.com,337-813-0080
85,Kathrine,Curnow,kcurnow2c@bloglines.com,876-741-8577
86,Conant,Getty,cgetty2d@nifty.com,163-696-7453
87,Christi,Draisey,cdraisey2e@prweb.com,564-597-5258
88,Caddric,Seawell,cseawell2f@elegantthemes.com,326-699-7344
89,Bryana,Pancast,bpancast2g@nyu.edu,147-332-0435
90,Candie,Mallya,cmallya2h@jugem.jp,665-880-9920
91,Cirilo,McBeith,cmcbeith2i@sohu.com,708-121-6535
92,Nevins,MacArdle,nmacardle2j@rakuten.co.jp,784-471-5890
93,Mindy,Cutford,mcutford2k@g.co,603-363-6827
94,Nessy,Chrystie,nchrystie2l@aol.com,751-691-6398
95,Kimbra,Breckon,kbreckon2m@multiply.com,425-185-5004
96,Marybeth,Bletsoe,mbletsoe2n@businessinsider.com,923-197-0424
97,Zed,Dwelley,zdwelley2o@ow.ly,248-757-0728
98,Clara,Castello,ccastello2p@mac.com,801-665-4083
99,Tiler,Fitzsymonds,tfitzsymonds2q@slate.com,962-460-4359
100,Lance,Boykett,lboykett2r@illinois.edu,930-885-8647
101,Ursala,Hawket,uhawket2s@japanpost.jp,326-702-3812
102,Vita,Foldes,vfoldes2t@photobucket.com,554-744-3097
103,Barthel,Blowers,bblowers2u@fda.gov,319-859-0140
104,Pierrette,Shepperd,pshepperd2v@wufoo.com,567-619-8290
105,Beilul,Marquez,bmarquez2w@stanford.edu,628-430-3011
106,Parke,Navein,pnavein2x@wunderground.com,537-468-6163
107,Ignatius,Hunnable,ihunnable2y@domainmarket.com,373-565-0216
108,Jehanna,Walles,jwalles2z@51.la,326-480-2956
109,Ginevra,Carvil,gcarvil30@liveinternet.ru,999-781-2236
110,Katha,Nourse,knourse31@reuters.com,133-916-7415
111,Arthur,Pollie,apollie32@amazon.com,926-727-9810
112,Wilona,Leaburn,wleaburn33@dot.gov,186-540-4835
113,Erin,Laffoley-Lane,elaffoleylane34@opensource.org,425-617-7813
114,Brittani,Nussgen,bnussgen35@cnbc.com,659-522-4373
115,Viviene,Gleeson,vgleeson36@spiegel.de,895-307-9591
116,Leigh,McPeice,lmcpeice37@google.nl,564-369-2380
117,Loise,Moffat,lmoffat38@wordpress.com,143-440-9911
118,Bink,Hourihan,bhourihan39@forbes.com,418-480-9612
119,Marcie,Girtin,mgirtin3a@un.org,202-730-6926
120,Dickie,Rathmell,drathmell3b@skyrock.com,247-481-0745
121,Kathy,Fossett,kfossett3c@51.la,479-546-7998
122,Bev,MacAlees,bmacalees3d@disqus.com,967-819-6491
123,Golda,Rowatt,growatt3e@wisc.edu,815-264-2405
124,Jean,Holbie,jholbie3f@ebay.co.uk,648-800-0825
125,Lynna,Inskipp,linskipp3g@facebook.com,955-662-0977
126,Elfreda,Bermingham,ebermingham3h@ucla.edu,353-888-1317
127,Catina,Crickett,ccrickett3i@ezinearticles.com,440-410-7018
128,Eugenius,Zuenelli,ezuenelli3j@rambler.ru,118-937-6244
129,Casi,Maccari,cmaccari3k@latimes.com,717-412-2191
130,Madison,Reyna,mreyna3l@yelp.com,566-945-3931
131,Rozelle,Whitters,rwhitters3m@flavors.me,366-634-7433
132,Wesley,Sherrin,wsherrin3n@dot.gov,577-438-1637
133,Dorolice,Dukelow,ddukelow3o@wikimedia.org,471-462-6580
134,Michele,Patis,mpatis3p@angelfire.com,703-295-2197
135,Cyril,Stoney,cstoney3q@cnbc.com,405-962-9550
136,Elli,Penritt,epenritt3r@xing.com,574-496-4821
137,Ilario,Liven,iliven3s@princeton.edu,353-535-1313
138,Cyndia,Sparwell,csparwell3t@ed.gov,300-530-8387
139,Iolande,Klaaassen,iklaaassen3u@senate.gov,674-399-5902
140,Perry,Dummer,pdummer3v@canalblog.com,760-708-3758
141,Germain,Lyosik,glyosik3w@yale.edu,398-329-9160
142,Renado,Edgett,redgett3x@purevolume.com,107-453-7611
143,Jeffy,Garrand,jgarrand3y@ed.gov,464-668-6990
144,Sheba,Tither,stither3z@newyorker.com,106-907-2380
145,Manuel,McMichell,mmcmichell40@technorati.com,416-435-2265
146,Ethelin,Brack,ebrack41@dot.gov,425-973-3664
147,Celestia,MacKall,cmackall42@drupal.org,809-989-2678
148,Umberto,Cullen,ucullen43@indiegogo.com,166-681-5749
149,Lyda,Dealey,ldealey44@pen.io,578-587-6209
150,Brennan,Broxton,bbroxton45@netlog.com,926-609-8453
151,Elbertina,McErlaine,emcerlaine46@zdnet.com,715-149-0930
152,Debee,Larenson,dlarenson47@java.com,174-410-3075
153,Monti,Ralestone,mralestone48@huffingtonpost.com,387-401-8051
154,Bondie,Hurrion,bhurrion49@pcworld.com,849-590-7032
155,Bogey,Bayfield,bbayfield4a@dailymail.co.uk,211-257-6352
156,Normy,Earnshaw,nearnshaw4b@comsenz.com,722-676-5202
157,Nady,Cawthry,ncawthry4c@sogou.com,529-564-7194
158,Roger,Sharples,rsharples4d@cnbc.com,842-255-8976
159,Domingo,Fodden,dfodden4e@ustream.tv,147-935-5658
160,Sondra,Kelson,skelson4f@eepurl.com,993-794-9916
161,Seana,Juppe,sjuppe4g@github.com,475-945-4663
162,Ermin,Sextie,esextie4h@shinystat.com,611-360-7995
163,Brandice,Aireton,baireton4i@creativecommons.org,463-469-1102
164,Dun,Mugridge,dmugridge4j@devhub.com,149-260-6655
165,Marian,De Stoop,mdestoop4k@jiathis.com,199-779-9128
166,Janot,Corpe,jcorpe4l@apache.org,286-480-4269
167,Pauly,Karpenko,pkarpenko4m@yellowpages.com,968-463-4817
168,Eberhard,Greenin,egreenin4n@photobucket.com,687-261-2047
169,Ofilia,Phillcox,ophillcox4o@unicef.org,811-525-1324
170,Theresita,Cobelli,tcobelli4p@narod.ru,144-571-3697
171,Koressa,Murrison,kmurrison4q@merriam-webster.com,406-349-9388
172,Izak,Dinley,idinley4r@reference.com,821-285-6893
173,Allie,Fontenot,afontenot4s@apple.com,639-570-0422
174,Sigfrid,Hollyer,shollyer4t@noaa.gov,190-106-1836
175,Aldo,Rizziello,arizziello4u@illinois.edu,737-586-5560
176,Taite,Jaeggi,tjaeggi4v@homestead.com,218-288-3969
177,Indira,Maple,imaple4w@umn.edu,480-477-6858
178,Nita,Livsey,nlivsey4x@blog.com,210-978-2370
179,Conrad,Rubinshtein,crubinshtein4y@ucla.edu,492-900-1603
180,Fredra,Cockroft,fcockroft4z@ebay.co.uk,989-583-3215
181,Bogey,Brookwell,bbrookwell50@state.gov,873-440-7128
182,Lynsey,Scholefield,lscholefield51@comcast.net,233-186-0803
183,Drusie,Cuffe,dcuffe52@163.com,854-196-4857
184,Ettore,Fancutt,efancutt53@examiner.com,917-438-4233
185,Sampson,Linham,slinham54@nps.gov,384-682-6853
186,Consolata,Dethloff,cdethloff55@behance.net,937-845-0280
187,Jemima,Stivani,jstivani56@printfriendly.com,714-436-8330
188,Kassey,Radnage,kradnage57@cnn.com,287-116-7856
189,Sheridan,O'Shavlan,soshavlan58@mozilla.com,440-425-1450
190,Raff,Hedaux,rhedaux59@google.com.br,553-366-4560
191,Stepha,Eaglestone,seaglestone5a@odnoklassniki.ru,771-148-9074
192,Roy,Dumberrill,rdumberrill5b@photobucket.com,959-893-5393
193,Adelaide,Brotherhead,abrotherhead5c@163.com,260-161-0038
194,Gabriella,Ibbetson,gibbetson5d@barnesandnoble.com,755-327-8344
195,Bord,Flay,bflay5e@sphinn.com,733-721-7183
196,Eugenia,Bloyes,ebloyes5f@amazon.co.uk,355-629-5158
197,Bertrand,Battisson,bbattisson5g@imdb.com,156-850-7514
198,Yolane,Curzon,ycurzon5h@e-recht24.de,793-995-5116
199,Windham,Yesichev,wyesichev5i@wiley.com,922-404-5013
200,Shae,Hillock,shillock5j@phpbb.com,293-896-2072
201,Chaddie,Clubb,cclubb5k@discuz.net,677-195-6844
202,Bettine,Gerty,bgerty5l@wufoo.com,991-213-0933
203,Thornton,Kundert,tkundert5m@ebay.co.uk,551-589-3371
204,Philippine,Gonthier,pgonthier5n@quantcast.com,985-123-0556
205,Frasier,Potell,fpotell5o@list-manage.com,708-247-4271
206,Garwin,Beer,gbeer5p@walmart.com,316-199-2803
207,Grete,Barkway,gbarkway5q@tumblr.com,766-127-5255
208,Abbey,Rivel,arivel5r@theatlantic.com,265-328-5309
209,Caria,Asaaf,casaaf5s@cnn.com,494-491-3934
210,Alexa,Attwooll,aattwooll5t@webmd.com,333-908-2464
211,Eugenie,Wicken,ewicken5u@blogs.com,867-804-5715
212,Ana,Loughney,aloughney5v@mysql.com,579-169-3891
213,Colver,Gwalter,cgwalter5w@moonfruit.com,114-547-1452
214,Adi,Densey,adensey5x@google.com,656-305-3081
215,Mariel,Burel,mburel5y@mozilla.com,911-304-2553
216,Rosa,Slym,rslym5z@geocities.com,156-483-2385
217,Ludovika,Daice,ldaice60@about.com,362-544-2588
218,Decca,McQuorkel,dmcquorkel61@paginegialle.it,323-675-6500
219,Tonia,Halversen,thalversen62@upenn.edu,569-904-3065
220,Yorgos,Tempest,ytempest63@answers.com,845-628-6817
221,Raimundo,Larkins,rlarkins64@devhub.com,982-318-3743
222,Elsey,Dimond,edimond65@geocities.jp,397-232-6587
223,Filippa,Segot,fsegot66@gravatar.com,619-617-2436
224,Genevra,Hargraves,ghargraves67@cnn.com,581-581-6335
225,Talyah,Prise,tprise68@gizmodo.com,572-255-8482
226,Keefe,Wellington,kwellington69@yale.edu,124-952-7532
227,Kristos,Shoulders,kshoulders6a@cornell.edu,205-528-8879
228,Anastasie,Purkis,apurkis6b@google.nl,164-852-8265
229,Land,Avramchik,lavramchik6c@ucoz.com,618-981-5530
230,Hal,Evershed,hevershed6d@bbb.org,683-925-6278
231,Arther,Meddings,ameddings6e@sbwire.com,348-520-0742
232,Marcelle,Chawner,mchawner6f@chron.com,113-751-8072
233,Carleton,Gravett,cgravett6g@alexa.com,903-898-3521
234,Ring,Mattevi,rmattevi6h@cisco.com,595-995-2997
235,Haydon,Morsey,hmorsey6i@godaddy.com,863-942-7054
236,Kristy,McQuie,kmcquie6j@webnode.com,133-717-0959
237,Curcio,Toplis,ctoplis6k@yolasite.com,797-585-8563
238,Sanson,Yallowley,syallowley6l@blogs.com,581-742-5458
239,Dore,Witheford,dwitheford6m@howstuffworks.com,402-951-8684
240,Legra,East,least6n@shareasale.com,464-113-3019
241,Prentiss,Priddis,ppriddis6o@nifty.com,453-360-2251
242,Sapphire,Tardiff,stardiff6p@weather.com,223-154-1551
243,Otho,Leijs,oleijs6q@whitehouse.gov,255-540-6324
244,Moshe,Reinbeck,mreinbeck6r@github.io,663-764-4421
245,Elva,Mendoza,emendoza6s@facebook.com,195-983-1325
246,Diana,Askham,daskham6t@go.com,479-440-1023
247,Reynard,Woolnough,rwoolnough6u@wikipedia.org,726-334-5926
248,Erwin,Hartgill,ehartgill6v@istockphoto.com,521-450-3769
249,Carrie,Duffil,cduffil6w@ocn.ne.jp,497-459-4859
250,Adela,O' Liddy,aoliddy6x@vkontakte.ru,796-259-5407
251,Fredek,Redan,fredan6y@people.com.cn,663-262-0883
252,Mikel,Saltmarsh,msaltmarsh6z@soup.io,375-122-8115
253,Kylie,Bahia,kbahia70@elegantthemes.com,769-621-7749
254,Hubert,Kleisel,hkleisel71@constantcontact.com,595-263-6076
255,Lonni,le Keux,llekeux72@mapquest.com,639-347-3587
256,Paddy,Lorenzo,plorenzo73@blogger.com,619-362-6786
257,Norina,Symms,nsymms74@theguardian.com,419-927-7620
258,Val,Goshawke,vgoshawke75@tiny.cc,952-619-5721
259,Eartha,Creser,ecreser76@bbc.co.uk,561-365-4154
260,Loree,Tuxwell,ltuxwell77@flavors.me,609-238-9430
261,Binky,Shillom,bshillom78@patch.com,470-469-7390
262,Samuel,Waleworke,swaleworke79@ucla.edu,893-480-0611
263,Kira,Couch,kcouch7a@typepad.com,566-618-5360
264,Darwin,Drane,ddrane7b@ft.com,819-255-4485
265,Carlos,Sterzaker,csterzaker7c@va.gov,658-377-7922
266,Griffie,Roback,groback7d@nature.com,262-452-9509
267,Eliza,Finnick,efinnick7e@diigo.com,464-617-5132
268,Melisse,Roll,mroll7f@hostgator.com,283-593-2247
269,Grata,Thewless,gthewless7g@timesonline.co.uk,686-796-9868
270,Nigel,Khosa,nkhosa7h@techcrunch.com,941-935-3219
271,Janka,Sutherley,jsutherley7i@csmonitor.com,341-962-8677
272,Jesse,Olijve,jolijve7j@edublogs.org,945-819-0038
273,Dean,Holleran,dholleran7k@yellowbook.com,517-640-7681
274,Erda,Mattersley,emattersley7l@hugedomains.com,667-923-3575
275,Shae,Capel,scapel7m@craigslist.org,752-620-1706
276,Keefe,Tillard,ktillard7n@slashdot.org,874-421-2754
277,Jimmie,Ackery,jackery7o@abc.net.au,805-758-5993
278,Dario,Ryton,dryton7p@tinyurl.com,535-778-0059
279,Cyndy,Sandiland,csandiland7q@drupal.org,356-257-6413
280,Carlyle,Gorling,cgorling7r@t-online.de,855-963-5933
281,Kriste,Verni,kverni7s@behance.net,816-639-1465
282,Vickie,Herculeson,vherculeson7t@pagesperso-orange.fr,796-176-2810
283,Brandi,Gregoriou,bgregoriou7u@feedburner.com,840-458-8055
284,Brenna,Behnke,bbehnke7v@oracle.com,596-263-2544
285,Dermot,Louiset,dlouiset7w@last.fm,701-989-8985
286,Krissy,Ridwood,kridwood7x@amazon.de,273-325-2371
287,Hollis,O' Brian,hobrian7y@hugedomains.com,599-508-9205
288,Blisse,Ruskin,bruskin7z@hud.gov,757-332-5605
289,Collin,Behnecke,cbehnecke80@salon.com,242-756-1505
290,Anastasia,Orford,aorford81@china.com.cn,901-157-2518
291,Dian,Line,dline82@umich.edu,359-494-3302
292,Alejandra,Blare,ablare83@marketwatch.com,195-977-8302
293,Olympe,Purselowe,opurselowe84@unicef.org,248-687-8902
294,Imelda,Tennison,itennison85@ucoz.ru,590-658-0714
295,Shadow,Almack,salmack86@state.gov,762-295-5072
296,Randy,McIlvenna,rmcilvenna87@redcross.org,943-591-3854
297,Kaia,Brinded,kbrinded88@moonfruit.com,195-674-8768
298,Barbara-anne,Nason,bnason89@feedburner.com,673-509-5317
299,Ingar,Redgate,iredgate8a@sfgate.com,474-393-6562
300,Frazer,Flanagan,fflanagan8b@howstuffworks.com,799-806-5248
301,Anet,Brands,abrands8c@vk.com,894-962-2081
302,Lizette,Harnwell,lharnwell8d@independent.co.uk,699-346-3161
303,Lucina,Kaufman,lkaufman8e@liveinternet.ru,641-664-2239
304,Walt,Boulding,wboulding8f@google.co.uk,558-390-3427
305,Bourke,Jendricke,bjendricke8g@nyu.edu,230-868-1631
306,Coleman,Fassmann,cfassmann8h@amazon.co.uk,369-818-5186
307,Tracey,Pitcock,tpitcock8i@fc2.com,532-200-5229
308,Kristen,D'Oyly,kdoyly8j@meetup.com,263-474-6770
309,Trudie,Vergo,tvergo8k@marriott.com,300-419-3980
310,Haven,Ainger,hainger8l@webeden.co.uk,938-730-6362
311,Terrie,Penhaligon,tpenhaligon8m@hp.com,166-547-7973
312,Emmalyn,Bedding,ebedding8n@upenn.edu,613-311-1588
313,Jeniece,Franck,jfranck8o@va.gov,223-777-7651
314,Elisa,Downer,edowner8p@wsj.com,331-987-8017
315,Saba,Badwick,sbadwick8q@sitemeter.com,901-283-7766
316,Zacherie,Pinnere,zpinnere8r@domainmarket.com,895-407-2394
317,Katti,Kerner,kkerner8s@state.gov,158-964-2351
318,Kendal,Dugald,kdugald8t@theatlantic.com,695-366-7400
319,May,Benedidick,mbenedidick8u@yahoo.co.jp,138-336-4603
320,Kermie,Caught,kcaught8v@redcross.org,543-611-6855
321,Grover,Pattisson,gpattisson8w@baidu.com,750-440-1591
322,Alameda,Tuckley,atuckley8x@discovery.com,817-668-5610
323,Rab,Burnhard,rburnhard8y@wp.com,731-511-2200
324,Jacki,Lakenden,jlakenden8z@disqus.com,460-625-3231
325,Barri,Smaleman,bsmaleman90@google.com.br,695-588-7553
326,Marabel,Lamonby,mlamonby91@europa.eu,708-719-9328
327,Dame,Gribble,dgribble92@acquirethisname.com,510-248-8487
328,Rozelle,Laurentino,rlaurentino93@techcrunch.com,242-482-8093
329,Maren,Yukhnov,myukhnov94@bing.com,395-994-8538
330,Camile,Lukash,clukash95@quantcast.com,889-829-9334
331,Cybill,Goodin,cgoodin96@mashable.com,661-181-2229
332,Victoria,Lahrs,vlahrs97@blogspot.com,726-606-2478
333,Thomasa,Stiell,tstiell98@discovery.com,274-601-3133
334,Ardeen,Jagielski,ajagielski99@sourceforge.net,271-440-2425
335,Sergei,Allonby,sallonby9a@biblegateway.com,292-435-7483
336,Lucretia,Avramovic,lavramovic9b@qq.com,890-221-1977
337,Drake,Ciric,dciric9c@opera.com,737-975-4141
338,Anallise,Hindge,ahindge9d@booking.com,375-332-1068
339,Serge,Heatherington,sheatherington9e@mayoclinic.com,191-221-2637
340,Dannie,Sline,dsline9f@pagesperso-orange.fr,253-918-6404
341,Everett,Shoulders,eshoulders9g@businessweek.com,599-854-2372
342,Byrle,Dunley,bdunley9h@gov.uk,610-466-5439
343,Lowell,Tailby,ltailby9i@miibeian.gov.cn,451-277-9783
344,Karly,Jaume,kjaume9j@networksolutions.com,234-519-6648
345,Jereme,Hagard,jhagard9k@taobao.com,737-318-5225
346,Gerri,Braunds,gbraunds9l@friendfeed.com,820-327-9423
347,Pen,Bawme,pbawme9m@smh.com.au,453-362-6506
348,Wileen,Stollery,wstollery9n@admin.ch,803-844-8064
349,Georgena,Josskowitz,gjosskowitz9o@blogger.com,510-167-7545
350,Viv,Hourihan,vhourihan9p@eventbrite.com,946-668-2039
351,Brewster,Barhams,bbarhams9q@w3.org,588-670-6719
352,Marget,Zecchinii,mzecchinii9r@wordpress.org,291-355-2115
353,Alic,Mate,amate9s@livejournal.com,947-361-9232
354,Tiff,Nathan,tnathan9t@4shared.com,302-603-5794
355,Fionna,Kowal,fkowal9u@people.com.cn,932-896-3940
356,Mariejeanne,Dowbekin,mdowbekin9v@arstechnica.com,733-251-5596
357,Xenos,Broadist,xbroadist9w@chronoengine.com,179-329-7599
358,Whittaker,Stickley,wstickley9x@macromedia.com,283-519-2057
359,Gillian,Skett,gskett9y@mlb.com,560-659-0984
360,Renault,Beamond,rbeamond9z@telegraph.co.uk,468-580-0086
361,Berthe,Paulson,bpaulsona0@dagondesign.com,297-268-3891
362,Candace,Tillard,ctillarda1@dmoz.org,339-391-0590
363,Reiko,De Bruin,rdebruina2@yelp.com,801-686-3878
364,Melantha,Suero,msueroa3@amazon.co.uk,912-810-0361
365,Jenine,Hulburd,jhulburda4@cnn.com,614-406-6422
366,Chancey,Rohlf,crohlfa5@studiopress.com,918-190-7553
367,Gard,Szymanzyk,gszymanzyka6@marketwatch.com,692-280-0507
368,Tedra,Charman,tcharmana7@marketwatch.com,225-792-8982
369,Katina,Rivett,krivetta8@businessweek.com,236-917-3698
370,Rebbecca,Ruske,rruskea9@phpbb.com,231-235-1568
371,Stephani,Clemon,sclemonaa@wired.com,263-602-0609
372,Katlin,Joynt,kjoyntab@technorati.com,120-594-7339
373,Townsend,Goodger,tgoodgerac@t.co,654-556-3679
374,Jorey,Shaylor,jshaylorad@washingtonpost.com,186-857-4452
375,Modesta,Stanborough,mstanboroughae@canalblog.com,918-629-0559
376,Leopold,Gowanson,lgowansonaf@walmart.com,438-383-1312
377,Meredith,Chewter,mchewterag@discuz.net,491-748-1365
378,Wainwright,Raveau,wraveauah@sohu.com,703-956-6942
379,Norrie,Mattocks,nmattocksai@google.ca,631-205-4863
380,Austina,Womack,awomackaj@buzzfeed.com,551-862-8822
381,Rosabelle,Buttner,rbuttnerak@netscape.com,134-887-1144
382,Carmencita,Minchinton,cminchintonal@ucoz.com,525-208-3582
383,Margo,Jurczik,mjurczikam@fema.gov,320-617-1658
384,Morna,Monnelly,mmonnellyan@slideshare.net,267-256-2876
385,Marie-jeanne,Fagence,mfagenceao@microsoft.com,157-870-5423
386,Adlai,De Filippo,adefilippoap@businessweek.com,679-978-9488
387,Steward,McIlwrath,smcilwrathaq@rambler.ru,954-770-8603
388,Jarrett,Dugan,jduganar@seesaa.net,292-624-7005
389,Erwin,Josephov,ejosephovas@harvard.edu,178-945-3303
390,Rubetta,Burt,rburtat@gizmodo.com,472-253-7966
391,Rubin,Stollhofer,rstollhoferau@ow.ly,749-677-9381
392,Chrissy,Dorrins,cdorrinsav@ed.gov,110-891-6078
393,Fremont,Balsdone,fbalsdoneaw@tinyurl.com,202-907-6162
394,Lloyd,Preece,lpreeceax@narod.ru,553-785-2583
395,Demetre,Espie,despieay@telegraph.co.uk,373-405-8214
396,Avrom,Bassam,abassamaz@deviantart.com,962-194-9838
397,Chrissie,Kinton,ckintonb0@blogspot.com,542-143-7178
398,Chickie,Howes,chowesb1@jimdo.com,900-504-8152
399,Maurise,Egginton,meggintonb2@elpais.com,488-778-4492
400,Derrek,Sousa,dsousab3@reuters.com,236-627-1813
401,Marlowe,Bastiman,mbastimanb4@ameblo.jp,988-690-8522
402,Lyndsie,Shower,lshowerb5@unicef.org,278-166-9384
403,Brocky,Tineman,btinemanb6@intel.com,891-185-5939
404,Nadya,Skokoe,nskokoeb7@census.gov,350-575-1916
405,Agneta,Stealy,astealyb8@nsw.gov.au,199-645-4960
406,Job,Lethebridge,jlethebridgeb9@intel.com,320-405-7411
407,Abe,Rignold,arignoldba@ezinearticles.com,933-195-7542
408,Tiena,Ribeiro,tribeirobb@nationalgeographic.com,115-608-5557
409,Willa,Corradengo,wcorradengobc@ow.ly,211-677-3111
410,Mareah,Maffioni,mmaffionibd@boston.com,848-745-5344
411,Kiah,Worland,kworlandbe@un.org,201-737-5970
412,Edita,Bland,eblandbf@about.com,250-890-6519
413,Morton,Corstan,mcorstanbg@simplemachines.org,112-896-3015
414,Germaine,Rycroft,grycroftbh@t-online.de,409-468-3146
415,Clim,MacIver,cmaciverbi@china.com.cn,172-307-9743
416,Lanette,Symson,lsymsonbj@bluehost.com,604-157-8920
417,Heath,Borres,hborresbk@plala.or.jp,715-498-8495
418,Axe,Tripe,atripebl@wordpress.com,381-811-2592
419,Willey,Robottham,wrobotthambm@abc.net.au,431-818-7637
420,Elayne,Snazel,esnazelbn@comcast.net,687-619-7483
421,Grace,Orys,gorysbo@nymag.com,890-386-3642
422,Frederick,Pilling,fpillingbp@wordpress.org,731-597-2183
423,Maximilianus,McCallister,mmccallisterbq@domainmarket.com,316-631-1689
424,Jordan,Antwis,jantwisbr@youku.com,114-238-8026
425,Locke,Goodwyn,lgoodwynbs@yelp.com,104-790-2425
426,Filip,Elton,feltonbt@wikia.com,785-903-3486
427,Em,Ballintyne,eballintynebu@theguardian.com,392-767-1207
428,Meaghan,Butts,mbuttsbv@mapquest.com,109-470-0337
429,Vikky,Antonescu,vantonescubw@photobucket.com,441-610-4394
430,Denise,Rainsden,drainsdenbx@boston.com,568-973-7417
431,Twila,Probin,tprobinby@nifty.com,369-443-6124
432,Ariel,Demschke,ademschkebz@geocities.jp,356-584-9269
433,Niven,Skittle,nskittlec0@wordpress.com,750-335-6563
434,Natka,Cleyburn,ncleyburnc1@pcworld.com,843-650-2918
435,Christy,Docwra,cdocwrac2@auda.org.au,438-513-6027
436,Ebony,Traice,etraicec3@amazonaws.com,786-452-2517
437,Monro,Vlasin,mvlasinc4@icio.us,336-888-3886
438,Mattias,Dracksford,mdracksfordc5@columbia.edu,906-746-7636
439,Orella,Pygott,opygottc6@cornell.edu,802-249-6315
440,Auberta,Askew,aaskewc7@imdb.com,425-550-0405
441,Chrysler,Benadette,cbenadettec8@hubpages.com,765-491-8547
442,Krissie,Dashkovich,kdashkovichc9@opensource.org,624-198-2093
443,Charisse,Catenot,ccatenotca@newsvine.com,434-368-3542
444,Kipp,Kitchenman,kkitchenmancb@plala.or.jp,236-157-7935
445,Gordy,Lucas,glucascc@mtv.com,139-213-4472
446,Mozes,Bris,mbriscd@admin.ch,790-764-1104
447,Jorry,Delamaine,jdelamainece@npr.org,547-156-2720
448,Lindsay,Raithbie,lraithbiecf@ucsd.edu,385-191-7211
449,Janos,Klaiser,jklaisercg@meetup.com,506-794-2737
450,Jean,Glander,jglanderch@hp.com,214-614-2322
451,Auberon,Shavel,ashavelci@sitemeter.com,400-939-1884
452,Cos,Theuff,ctheuffcj@deliciousdays.com,380-577-3183
453,Shepherd,Beamiss,sbeamissck@shop-pro.jp,637-540-7201
454,Armand,Pionter,apiontercl@ucoz.ru,379-697-8402
455,Randolph,Burgh,rburghcm@i2i.jp,861-441-9184
456,Abagail,Crudgington,acrudgingtoncn@vinaora.com,769-163-7652
457,Finn,Illem,fillemco@facebook.com,611-956-1567
458,Coretta,Hairsnape,chairsnapecp@surveymonkey.com,307-228-1128
459,Augie,Alleburton,aalleburtoncq@baidu.com,622-342-6160
460,Berni,Hackly,bhacklycr@intel.com,757-458-6731
461,Bernardo,Murty,bmurtycs@wix.com,263-841-3156
462,Dode,Elmhirst,delmhirstct@123-reg.co.uk,539-400-6711
463,Harris,Weeks,hweekscu@zdnet.com,125-116-5899
464,Audry,Lefever,alefevercv@skyrock.com,772-679-1895
465,Morty,Garvan,mgarvancw@themeforest.net,216-769-2758
466,Maura,Durker,mdurkercx@w3.org,908-834-6001
467,Dulce,Shreve,dshrevecy@oaic.gov.au,955-786-0661
468,Celesta,Iacopini,ciacopinicz@histats.com,228-113-2838
469,Ellene,Chantree,echantreed0@creativecommons.org,510-307-5915
470,Catha,Macy,cmacyd1@so-net.ne.jp,334-722-9856
471,Maxie,Burberow,mburberowd2@ycombinator.com,984-942-3996
472,Manya,Iwanczyk,miwanczykd3@g.co,191-764-1218
473,Eilis,Massimi,emassimid4@seesaa.net,820-407-1406
474,Consolata,Gildersleaves,cgildersleavesd5@youtube.com,770-483-4707
475,Francis,Pauncefoot,fpauncefootd6@miitbeian.gov.cn,731-130-9538
476,Bondie,Boays,bboaysd7@cargocollective.com,806-298-9657
477,Jo,Blainey,jblaineyd8@digg.com,702-145-4941
478,Killy,Skedgell,kskedgelld9@clickbank.net,618-473-8759
479,Bernardo,Mollnar,bmollnarda@usnews.com,714-422-9267
480,Yard,Martusewicz,ymartusewiczdb@vistaprint.com,732-990-0814
481,Shadow,Waddilow,swaddilowdc@naver.com,330-312-2464
482,Sherye,Sporle,ssporledd@biglobe.ne.jp,436-819-9978
483,Allyn,Breitler,abreitlerde@globo.com,898-655-0759
484,Matthias,Pickhaver,mpickhaverdf@blogs.com,179-835-5101
485,Alvina,Poole,apooledg@nhs.uk,534-629-4989
486,Aldon,Rowan,arowandh@rediff.com,816-558-1655
487,Amye,Brunner,abrunnerdi@privacy.gov.au,551-522-2328
488,Felicia,Garrettson,fgarrettsondj@ucla.edu,821-674-5166
489,Chariot,Luckcock,cluckcockdk@so-net.ne.jp,504-271-3022
490,Bobbee,Capelen,bcapelendl@ucsd.edu,304-146-2084
491,Stephie,Lemery,slemerydm@sbwire.com,809-310-2567
492,Halli,Greedier,hgreedierdn@pcworld.com,664-518-3536
493,Amitie,Rackstraw,arackstrawdo@bbc.co.uk,544-507-2152
494,Kalie,Marin,kmarindp@craigslist.org,576-294-7478
495,Wiatt,Booker,wbookerdq@timesonline.co.uk,890-176-9796
496,Donny,Pachmann,dpachmanndr@cocolog-nifty.com,517-124-2109
497,Wilt,McCaw,wmccawds@arstechnica.com,887-610-8796
498,Ilyssa,Gwinnell,igwinnelldt@chron.com,106-499-9215
499,Mag,Talby,mtalbydu@fc2.com,706-169-6760
500,Shurwood,Beatey,sbeateydv@booking.com,791-168-5240
