idInstructor,first_name,last_name,rate,hoursFlownPrev24Hr,email,phone
1,Washington,Tirone,75,7.0,wtirone0@nhs.uk,727-863-8832
2,Marthena,Philott,60,8.1,mphilott1@ovh.net,678-677-8480
3,Philomena,Robshaw,67,5.5,probshaw2@webeden.co.uk,326-570-7916
4,Frieda,Chalfont,85,0.7,fchalfont3@taobao.com,109-382-7660
5,Derrek,Elderbrant,61,3.1,delderbrant4@cafepress.com,297-917-9888
6,Feliks,Verbruggen,92,1.1,fverbruggen5@hc360.com,455-831-3236
7,Misha,Camlin,65,3.9,mcamlin6@bigcartel.com,133-291-4260
8,Gris,Pawellek,99,2.1,gpawellek7@mapquest.com,
9,Faustina,Gianasi,90,3.7,fgianasi8@ocn.ne.jp,985-803-7030
10,Stormy,Bugbee,103,1.9,sbugbee9@tamu.edu,708-641-3769
11,Merrile,Kondratenya,99,2.0,mkondratenyaa@wikispaces.com,
12,Jasmin,Chin,74,2.4,jchinb@github.com,482-852-1218
13,Bondon,Scarborough,106,5.9,bscarboroughc@clickbank.net,741-581-2376
14,Ryann,Skeath,70,6.6,rskeathd@pen.io,806-846-9769
15,Bernadette,Surby,102,6.3,bsurbye@lulu.com,594-385-4198
16,Lowell,Shickle,95,6.1,lshicklef@yellowbook.com,831-339-7791
17,Reeva,Hewertson,65,3.3,rhewertsong@admin.ch,353-676-6483
18,Redford,Ogger,62,2.1,roggerh@creativecommons.org,432-674-0907
19,Mindy,Demicoli,85,7.4,mdemicolii@yahoo.co.jp,268-299-4676
20,Ferris,Holdin,68,1.7,fholdinj@posterous.com,108-373-7976
21,Willamina,Besemer,103,3.8,wbesemerk@state.tx.us,730-643-1175
22,Heidie,Yegorshin,95,0.6,hyegorshinl@blogspot.com,811-267-7489
23,Margery,O'Dwyer,98,5.7,modwyerm@nyu.edu,545-194-2041
24,Keith,Wateridge,74,7.9,kwateridgen@hud.gov,526-586-6264
25,Jessalyn,Yegorov,83,7.8,jyegorovo@simplemachines.org,808-158-8023
26,Edward,Alldread,97,2.6,ealldreadp@gmpg.org,773-331-3445
27,Derron,Berzon,100,4.7,dberzonq@google.es,842-927-9090
28,Cly,Buzin,66,2.4,cbuzinr@technorati.com,838-780-5964
29,Jill,Mabbs,84,2.2,jmabbss@marriott.com,306-853-1689
30,Graig,Olenikov,103,7.5,golenikovt@mysql.com,160-815-1143
